Country,Ease of Business,Business Tax Rate,Ease of Business (clusters),Hours to do Tax,Region,Year,Birth Rate,CO2 Emissions,Days to Start Business,Energy Usage,GDP,Health Exp % GDP,Health Exp/Capita,Infant Mortality Rate,Internet Usage,Lending Interest,Life Expectancy Female,Life Expectancy Male,Mobile Phone Usage,Population 0-14,Population 15-64,Population 65+,Population Total,Population Urban,Tourism Inbound,Tourism Outbound
Afghanistan,170,0.363,Low,275,Asia,12/1/2012,0.035,,7,,20506795254,0.086,51,0.072,0.055,0.15,62,59,0.655,0.474,0.503,0.023,29824536,0.255,116000000,80000000
Albania,82,0.32,Friendly,357,Europe,12/1/2012,0.013,,5,,12344532541,0.06,228,0.014,0.547,0.109,80,74,1.107,0.213,0.681,0.106,2801681,0.543,1623000000,1374000000
Algeria,151,0.719,Low,451,Africa,12/1/2012,0.025,,25,,204331000000,0.052,279,0.022,0.152,0.08,73,69,0.975,0.274,0.679,0.047,38481705,0.689,295000000,559000000
American Samoa,,,Not Clustered,,Oceania,12/1/2012,,,,,,,,,,,,,,,,,55128,0.874,,
Andorra,,,Not Clustered,,Europe,12/1/2012,0.01,,,,,0.083,3057,0.002,0.864,,,,0.815,,,,78360,0.867,,
Angola,178,0.521,Low,282,Africa,12/1/2012,0.045,,66,,115332000000,0.035,190,0.104,0.169,0.167,53,50,0.614,0.476,0.5,0.024,20820525,0.417,711000000,292000000
Antigua and Barbuda,66,0.41,Friendly,207,The Americas,12/1/2012,0.017,,21,,1194074074,0.052,681,0.008,0.59,0.102,78,73,1.43,0.254,0.675,0.071,89069,0.251,,
Argentina,121,1.078,Moderate,405,The Americas,12/1/2012,0.017,,25,,603153000000,0.085,995,0.012,0.558,0.141,80,72,1.566,0.244,0.648,0.108,41086927,0.913,5655000000,8213000000
Armenia,40,0.388,Very Friendly,380,Asia,12/1/2012,0.014,,8,,9958217880,0.045,150,0.015,0.392,0.172,78,71,1.119,0.203,0.693,0.103,2969081,0.632,487000000,556000000
Aruba,,,Not Clustered,,The Americas,12/1/2012,0.01,,,,,,,,0.74,0.092,78,73,1.319,0.199,0.69,0.11,102384,0.424,1414000000,296000000
Australia,10,0.472,Very Friendly,109,Oceania,12/1/2012,0.014,,3,133681,1532410000000,0.091,6140,0.004,0.79,0.07,84,80,1.056,0.189,0.671,0.14,22723900,0.89,34130000000,34704000000
Austria,28,0.524,Very Friendly,170,Europe,12/1/2012,0.009,,25,32896,394458000000,0.115,5407,0.003,0.8,,84,78,1.605,0.145,0.672,0.182,8429991,0.659,21446000000,12352000000
Azerbaijan,71,0.4,Friendly,214,Asia,12/1/2012,0.019,,8,,68730906314,0.054,398,0.031,0.542,0.183,74,68,1.088,0.222,0.721,0.057,9295784,0.539,2634000000,2616000000
"Bahamas, The",76,0.466,Friendly,58,The Americas,12/1/2012,0.015,,24,,8149004000,0.075,1647,0.011,0.717,0.048,78,72,0.807,0.216,0.71,0.074,371960,0.827,2415000000,384000000
Bahrain,47,0.135,Very Friendly,36,Middle East,12/1/2012,0.016,,9,,30362317939,0.039,895,0.006,0.88,0.06,77,76,1.612,0.202,0.777,0.021,1317827,0.886,1742000000,889000000
Bangladesh,132,0.35,Moderate,302,Asia,12/1/2012,0.02,,19,,116034000000,0.036,26,0.035,0.058,0.13,71,70,0.628,0.306,0.647,0.047,154695368,0.32,110000000,829000000
Barbados,84,0.408,Friendly,237,The Americas,12/1/2012,0.013,,18,,4224850000,0.063,938,0.014,0.733,0.087,78,73,1.233,0.19,0.704,0.106,283221,0.318,,
Belarus,64,0.605,Friendly,338,Europe,12/1/2012,0.012,,10,,63615445567,0.05,339,0.004,0.469,0.195,78,67,1.135,0.151,0.711,0.138,9464000,0.755,986000000,781000000
Belgium,32,0.576,Very Friendly,156,Europe,12/1/2012,0.011,,4,57286,482918000000,0.108,4711,0.004,0.807,,83,78,1.113,0.169,0.655,0.176,11128246,0.977,12659000000,23784000000
Belize,104,0.332,Moderate,147,The Americas,12/1/2012,0.024,,44,,1572500000,0.058,259,0.015,0.25,0.124,77,71,0.532,0.344,0.617,0.039,324060,0.445,299000000,40000000
Benin,175,0.659,Low,270,Africa,12/1/2012,0.037,,26,,7543183759,0.045,33,0.058,0.045,,61,58,0.837,0.43,0.542,0.029,10050702,0.427,192000000,
Bermuda,,,Not Clustered,,The Americas,12/1/2012,0.012,,,,5473536000,,,,0.913,,82,77,1.395,,,,64798,1,461000000,411000000
Bhutan,146,0.408,Low,274,Asia,12/1/2012,0.02,,36,,1861157558,0.038,90,0.031,0.254,0.14,68,68,0.756,0.285,0.668,0.047,741822,0.364,94000000,71000000
Bolivia,158,0.834,Low,1025,The Americas,12/1/2012,0.026,,49,,27035110130,0.058,149,0.032,0.355,0.111,69,65,0.904,0.352,0.599,0.048,10496285,0.673,581000000,559000000
Bosnia and Herzegovina,130,0.237,Moderate,407,Europe,12/1/2012,0.009,,37,,16853238733,0.099,447,0.006,0.654,0.069,79,74,0.876,0.163,0.682,0.155,3833916,0.394,665000000,194000000
Botswana,65,0.254,Friendly,152,Africa,12/1/2012,0.024,,60,,14537490553,0.053,384,0.037,0.115,0.11,46,48,1.538,0.338,0.627,0.036,2003910,0.567,30000000,100000000
Brazil,118,0.685,Moderate,2600,The Americas,12/1/2012,0.015,,119,,2248780000000,0.093,1056,0.013,0.486,0.366,77,70,1.25,0.246,0.681,0.073,198656019,0.849,6890000000,26202000000
Brunei Darussalam,79,0.168,Friendly,96,Asia,12/1/2012,0.016,,101,,16953952625,0.023,939,0.008,0.603,0.055,80,77,1.139,0.258,0.702,0.04,412238,0.762,,
Bulgaria,57,0.277,Friendly,454,Europe,12/1/2012,0.01,,18,,51303659418,0.074,516,0.011,0.519,0.097,78,71,1.481,0.135,0.675,0.189,7305888,0.73,4202000000,1475000000
Burkina Faso,154,0.435,Low,270,Africa,12/1/2012,0.041,,13,,10726305450,0.062,38,0.066,0.037,,56,55,0.606,0.457,0.519,0.024,16460141,0.273,,
Burundi,157,0.516,Low,274,Africa,12/1/2012,0.045,,8,,2472384813,0.081,20,0.057,0.012,0.143,56,52,0.228,0.442,0.534,0.024,9849569,0.112,2700000,41000000
Cambodia,135,0.214,Moderate,173,Asia,12/1/2012,0.026,,102,,14054443213,0.054,51,0.034,0.049,,74,69,1.285,0.312,0.635,0.053,14864646,0.201,2000000000,382000000
Cameroon,162,0.488,Low,654,Africa,12/1/2012,0.038,,15,,26472637887,0.051,59,0.062,0.057,,56,54,0.604,0.431,0.537,0.032,21699631,0.527,377000000,668000000
Canada,17,0.246,Very Friendly,131,The Americas,12/1/2012,0.011,,5,252651,1821450000000,0.109,5741,0.005,0.83,0.03,83,79,0.801,0.164,0.688,0.148,34754312,0.813,20696000000,43010000000
Cayman Islands,,,Not Clustered,,The Americas,12/1/2012,0.013,,,,,,,,0.741,,,,1.717,,,,57570,1,,
Central African Republic,187,0.674,Low,483,Africa,12/1/2012,0.034,,22,,2169706411,0.038,18,0.098,0.03,,51,48,0.253,0.401,0.561,0.039,4525209,0.393,,
Chad,189,0.757,Low,732,Africa,12/1/2012,0.046,,62,,12887072082,0.028,25,0.09,0.021,,52,50,0.354,0.485,0.49,0.024,12448175,0.221,,
Chile,34,0.277,Very Friendly,291,The Americas,12/1/2012,0.014,,8,32720,266259000000,0.072,1103,0.007,0.614,0.101,82,77,1.371,0.214,0.689,0.097,17464814,0.89,3180000000,2348000000
China,99,0.637,Friendly,338,Asia,12/1/2012,0.012,,33,,8229490000000,0.054,322,0.012,0.423,0.06,77,74,0.808,0.18,0.733,0.087,1350695000,0.519,54937000000,
Colombia,42,0.76,Very Friendly,203,The Americas,12/1/2012,0.019,,15,,370328000000,0.068,530,0.015,0.49,0.126,78,70,1.029,0.28,0.66,0.06,47704427,0.756,3257000000,3364000000
Comoros,160,2.179,Low,100,Africa,12/1/2012,0.036,,20,,595898770,0.045,38,0.059,0.06,0.105,62,59,0.395,0.422,0.55,0.029,717503,0.28,,
"Congo, Dem. Rep.",183,3.391,Low,336,Africa,12/1/2012,0.043,,58,,27452795398,0.056,15,0.088,0.017,0.284,51,48,0.306,0.451,0.52,0.028,65705093,0.41,6900000,108000000
"Congo, Rep.",186,0.649,Low,606,Africa,12/1/2012,0.038,,161,,13677929162,0.032,100,0.037,0.061,,60,57,0.988,0.424,0.542,0.034,4337051,0.641,,
Costa Rica,109,0.553,Moderate,226,The Americas,12/1/2012,0.015,,60,,45374788701,0.101,951,0.009,0.475,0.182,82,78,1.119,0.239,0.692,0.068,4805295,0.739,2544000000,567000000
Cote d'Ivoire,173,0.394,Low,270,Africa,12/1/2012,0.037,,32,,24680372724,0.071,88,0.073,0.024,,51,50,0.912,0.415,0.554,0.031,19839750,0.52,,
Croatia,88,0.218,Friendly,196,Europe,12/1/2012,0.01,,8,,56155732957,0.068,908,0.004,0.619,0.095,80,74,1.154,0.15,0.67,0.18,4267558,0.581,8865000000,962000000
Cuba,,,Not Clustered,,The Americas,12/1/2012,0.01,,,,,0.086,558,0.005,0.256,,81,77,0.149,0.166,0.704,0.13,11270957,0.768,2614000000,
Curacao,,,Not Clustered,,The Americas,12/1/2012,0.013,,,,,,,,,,,,1.318,0.195,0.668,0.137,152056,0.897,676000000,357000000
Cyprus,38,0.222,Very Friendly,147,Europe,12/1/2012,0.012,,8,,22766912960,0.073,1949,0.003,0.607,,82,78,0.984,0.172,0.708,0.12,1128994,0.673,2709000000,1637000000
Czech Republic,68,0.481,Friendly,413,Europe,12/1/2012,0.01,,20,42823,196446000000,0.077,1432,0.003,0.734,0.054,81,75,1.268,0.146,0.692,0.162,10510785,0.731,7758000000,4379000000
Denmark,5,0.27,Very Friendly,130,Europe,12/1/2012,0.01,,6,17041,315164000000,0.112,6304,0.003,0.923,,82,78,1.303,0.177,0.649,0.175,5591572,0.871,6135000000,9600000000
Djibouti,172,0.378,Low,82,Africa,12/1/2012,0.028,,37,,1353632942,0.088,129,0.059,0.083,,63,60,0.247,0.337,0.624,0.039,859652,0.771,20500000,29600000
Dominica,69,0.371,Friendly,117,The Americas,12/1/2012,,,12,,495555556,0.059,392,0.011,0.552,0.09,,,1.525,,,,71684,0.687,110000000,13000000
Dominican Republic,112,0.434,Moderate,324,The Americas,12/1/2012,0.021,,19,,58920504571,0.054,310,0.024,0.412,0.155,76,70,0.869,0.305,0.633,0.062,10276621,0.76,4736000000,545000000
Ecuador,134,0.346,Moderate,654,The Americas,12/1/2012,0.021,,56,,84039856000,0.064,361,0.02,0.351,,79,73,1.062,0.303,0.633,0.064,15492264,0.631,1039000000,944000000
"Egypt, Arab Rep.",127,0.426,Moderate,392,Africa,12/1/2012,0.024,,8,,262832000000,0.05,152,0.019,0.44,0.12,73,69,1.199,0.312,0.631,0.056,80721874,0.43,10823000000,3037000000
El Salvador,115,0.348,Moderate,320,The Americas,12/1/2012,0.02,,17,,23813600000,0.067,254,0.014,0.203,,77,68,1.373,0.306,0.623,0.071,6297394,0.653,894000000,286000000
Equatorial Guinea,164,0.441,Low,492,Africa,12/1/2012,0.036,,135,,16486743747,0.047,1138,0.071,0.139,,54,51,0.681,0.39,0.582,0.028,736296,0.395,,
Eritrea,185,0.845,Low,216,Africa,12/1/2012,0.037,,84,,3091967480,0.026,15,0.037,0.008,,65,60,0.05,0.431,0.547,0.022,6130922,0.214,,
Estonia,21,0.664,Very Friendly,81,Europe,12/1/2012,0.011,,7,5721,22376042498,0.059,1010,0.003,0.784,0.057,82,72,1.604,0.157,0.665,0.178,1325016,0.678,1588000000,958000000
Ethiopia,124,0.325,Moderate,306,Africa,12/1/2012,0.034,,15,,42805215879,0.038,18,0.046,0.015,,65,61,0.224,0.433,0.533,0.034,91728849,0.182,1980000000,181000000
Faeroe Islands,,,Not Clustered,,Europe,12/1/2012,0.013,,,,,,,,0.853,,85,80,1.186,,,,49506,0.413,,
Fiji,58,0.376,Friendly,163,Oceania,12/1/2012,0.021,,59,,4035420973,0.04,177,0.02,0.337,0.07,73,67,0.982,0.289,0.659,0.052,874742,0.526,987000000,110000000
Finland,12,0.406,Very Friendly,93,Europe,12/1/2012,0.011,,14,33475,247143000000,0.091,4232,0.002,0.899,,84,78,1.723,0.164,0.653,0.183,5413971,0.838,5415000000,5839000000
France,35,0.647,Very Friendly,132,Europe,12/1/2012,0.013,,7,251706,2611220000000,0.117,4690,0.004,0.814,,86,79,0.974,0.183,0.643,0.175,65676758,0.788,63530000000,47159000000
French Polynesia,,,Not Clustered,,Oceania,12/1/2012,0.017,,,,,,,,0.529,,78,74,0.825,0.229,0.7,0.071,273814,0.562,,
Gabon,169,0.435,Low,488,Africa,12/1/2012,0.032,,57,,17843815459,0.035,397,0.04,0.086,,64,62,1.795,0.385,0.563,0.052,1632572,0.864,,
"Gambia, The",148,2.832,Low,376,Africa,12/1/2012,0.043,,27,,914109100,0.05,26,0.05,0.124,0.28,60,57,0.852,0.459,0.517,0.024,1791225,0.577,99000000,8000000
Georgia,9,0.165,Very Friendly,280,Asia,12/1/2012,0.014,,2,,15846484588,0.092,333,0.013,0.369,0.148,78,70,1.078,0.176,0.681,0.143,4490700,0.532,1565000000,471000000
Germany,19,0.459,Very Friendly,207,Europe,12/1/2012,0.008,,15,307381,3425960000000,0.113,4683,0.003,0.823,,83,79,1.116,0.132,0.657,0.211,80425823,0.747,51581000000,96361000000
Ghana,62,0.334,Friendly,224,Africa,12/1/2012,0.031,,12,,41740897827,0.052,83,0.053,0.123,,62,60,1.01,0.386,0.579,0.035,25366462,0.521,1154000000,979000000
Greece,89,0.441,Friendly,202,Europe,12/1/2012,0.009,,12,25991,248424000000,0.093,2044,0.004,0.551,,83,78,1.201,0.146,0.66,0.194,11092771,0.77,13313000000,2392000000
Greenland,,,Not Clustered,,The Americas,12/1/2012,0.014,,,,,,,,0.649,,,,1.047,,,,56810,0.852,,
Grenada,102,0.453,Moderate,140,The Americas,12/1/2012,0.019,,15,,801481467,0.064,478,0.011,0.32,0.097,75,70,1.232,0.27,0.659,0.071,105483,0.356,110000000,10000000
Guam,,,Not Clustered,,Oceania,12/1/2012,0.017,,,,,,,,0.615,,81,76,,0.266,0.656,0.078,162810,0.943,,
Guatemala,93,0.409,Friendly,332,The Americas,12/1/2012,0.031,,40,,50388454861,0.067,226,0.027,0.16,0.135,75,68,1.378,0.408,0.547,0.045,15082831,0.502,1419000000,914000000
Guinea,179,0.912,Low,416,Africa,12/1/2012,0.037,,35,,5651088170,0.063,32,0.067,0.015,,57,55,0.488,0.425,0.544,0.031,11451273,0.357,1700000,41000000
Guinea-Bissau,181,0.459,Low,208,Africa,12/1/2012,0.038,,9,,822320638,0.059,30,0.08,0.029,,56,53,0.631,0.416,0.555,0.029,1663558,0.469,,
Guyana,113,0.359,Moderate,263,The Americas,12/1/2012,0.021,,20,,2851154076,0.066,235,0.031,0.33,0.139,69,63,0.688,0.368,0.599,0.033,795369,0.283,64000000,82000000
Haiti,177,0.404,Low,184,The Americas,12/1/2012,0.026,,105,,7890216508,0.064,53,0.056,0.098,0.089,65,61,0.599,0.354,0.601,0.045,10173775,0.548,170000000,474000000
Honduras,125,0.4,Moderate,224,The Americas,12/1/2012,0.026,,14,,18564264545,0.086,195,0.02,0.181,0.185,76,71,0.929,0.357,0.599,0.044,7935846,0.529,666000000,464000000
"Hong Kong SAR, China",2,0.23,Very Friendly,78,Asia,12/1/2012,0.013,,3,,262630000000,,,,0.729,0.05,86,81,2.292,0.118,0.747,0.136,7154600,1,38021000000,20246000000
Hungary,52,0.495,Friendly,277,Europe,12/1/2012,0.009,,5,23499,124600000000,0.078,987,0.005,0.706,0.09,79,72,1.161,0.146,0.683,0.17,9920362,0.698,5923000000,2514000000
Iceland,13,0.306,Very Friendly,140,Europe,12/1/2012,0.014,,5,6021,13586213061,0.091,3872,0.002,0.962,0.083,84,82,1.081,0.207,0.667,0.126,320716,0.938,865000000,780000000
India,131,0.628,Moderate,243,Asia,12/1/2012,0.021,,27,,1858740000000,0.04,61,0.043,0.126,0.106,68,65,0.699,0.294,0.654,0.052,1236686732,0.316,18340000000,14107000000
Indonesia,116,0.322,Moderate,259,Asia,12/1/2012,0.019,,48,,876719000000,0.03,108,0.025,0.147,0.118,73,69,1.142,0.293,0.656,0.051,246864191,0.515,9463000000,9498000000
"Iran, Islamic Rep.",152,0.441,Low,344,Middle East,12/1/2012,0.019,,16,,502729000000,0.067,490,0.015,0.275,0.11,76,72,0.761,0.237,0.711,0.052,76424443,0.718,,
Iraq,155,0.278,Low,312,Middle East,12/1/2012,0.031,,29,,215838000000,0.036,226,0.029,0.071,0.13,73,66,0.816,0.405,0.562,0.033,32578209,0.692,1640000000,2363000000
Ireland,15,0.255,Very Friendly,80,Europe,12/1/2012,0.016,,10,13350,210638000000,0.081,3708,0.003,0.769,,83,79,1.072,0.215,0.667,0.118,4586897,0.624,9064000000,6001000000
Isle of Man,,,Not Clustered,,Europe,12/1/2012,,,,,,,,,,,,,,,,,85284,0.52,,
Israel,33,0.29,Very Friendly,235,Middle East,12/1/2012,0.022,,21,24079,257622000000,0.075,2289,0.003,0.708,0.056,84,80,1.207,0.275,0.619,0.105,7910500,0.919,6225000000,4851000000
Italy,67,0.677,Friendly,269,Europe,12/1/2012,0.009,,6,158616,2013270000000,0.092,3032,0.003,0.558,0.052,86,80,1.597,0.14,0.651,0.208,59539717,0.686,43036000000,32798000000
Jamaica,91,0.443,Friendly,368,The Americas,12/1/2012,0.015,,7,,14794802081,0.059,318,0.015,0.338,0.176,76,71,0.98,0.278,0.643,0.079,2707805,0.541,2070000000,165000000
Japan,23,0.494,Very Friendly,330,Asia,12/1/2012,0.008,,22,451501,5937770000000,0.101,4752,0.002,0.863,0.014,86,80,1.087,0.131,0.625,0.244,127561489,0.919,16197000000,40967000000
Jordan,119,0.281,Moderate,151,Middle East,12/1/2012,0.028,,12,,31015239496,0.098,388,0.017,0.41,0.088,75,72,1.282,0.341,0.624,0.035,6318000,0.83,4485000000,1257000000
Kazakhstan,53,0.286,Friendly,188,Asia,12/1/2012,0.023,,19,,203517000000,0.042,521,0.016,0.533,,74,65,1.858,0.255,0.68,0.066,16791425,0.535,1572000000,2119000000
Kenya,122,0.442,Moderate,340,Africa,12/1/2012,0.036,,32,,40264403585,0.047,45,0.049,0.321,0.197,63,59,0.712,0.424,0.55,0.026,43178141,0.244,2004000000,174000000
Kiribati,117,0.318,Moderate,120,Oceania,12/1/2012,0.023,,31,,174984469,0.107,187,0.046,0.107,,71,66,0.159,0.324,0.636,0.04,100786,0.439,,
"Korea, Dem. Rep.",,,Not Clustered,,Asia,12/1/2012,0.014,,,,,,,0.023,,,73,66,0.069,0.22,0.688,0.092,24763188,0.604,,
"Korea, Rep.",6,0.29,Very Friendly,207,Asia,12/1/2012,0.01,,6,263002,1222810000000,0.075,1703,0.003,0.841,0.054,85,78,1.094,0.153,0.729,0.118,50004441,0.821,19653000000,22386000000
Kosovo,96,0.154,Friendly,164,Europe,12/1/2012,0.018,,52,,6445460830,,,,,0.129,73,68,,,,,1807106,,,
Kuwait,101,0.124,Moderate,98,Middle East,12/1/2012,0.021,,32,,183219000000,0.025,1428,0.009,0.705,0.05,75,73,1.569,0.249,0.729,0.022,3250496,0.983,780000000,9821000000
Kyrgyz Republic,70,0.334,Friendly,210,Asia,12/1/2012,0.028,,10,,6605133551,0.071,84,0.023,0.217,0.128,74,66,1.242,0.302,0.656,0.042,5607200,0.354,750000000,738000000
Lao PDR,163,0.319,Low,362,Asia,12/1/2012,0.027,,92,,9386913253,0.029,40,0.055,0.107,,69,66,0.647,0.356,0.606,0.038,6645827,0.354,461000000,241000000
Latvia,24,0.359,Very Friendly,264,Europe,12/1/2012,0.01,,16,,28372577697,0.06,792,0.008,0.731,0.055,79,69,1.121,0.146,0.669,0.185,2034319,0.675,1068000000,863000000
Lebanon,105,0.302,Moderate,180,Middle East,12/1/2012,0.013,,9,,43205095854,0.076,675,0.008,0.612,0.072,82,78,0.808,0.216,0.698,0.086,4424888,0.874,6298000000,4125000000
Lesotho,139,0.16,Moderate,324,Africa,12/1/2012,0.028,,29,,2328196275,0.116,138,0.074,0.046,0.101,49,49,0.753,0.368,0.591,0.042,2051545,0.258,46000000,256000000
Liberia,149,0.266,Low,158,Africa,12/1/2012,0.036,,6,,1733828405,0.155,65,0.056,0.038,0.135,61,59,0.571,0.431,0.539,0.03,4190435,0.485,,
Libya,188,0.316,Low,889,Africa,12/1/2012,0.021,,35,,81873662519,0.039,578,0.013,,0.06,77,73,1.558,0.295,0.658,0.047,6154623,0.78,,2654000000
Liechtenstein,,,Not Clustered,,Europe,12/1/2012,0.01,,,,,,,,0.894,,85,80,0.974,,,,36656,0.144,,
Lithuania,25,0.43,Very Friendly,175,Europe,12/1/2012,0.01,,20,,42343559196,0.067,859,0.005,0.672,,80,68,1.651,0.151,0.693,0.156,2987773,0.666,1430000000,1058000000
Luxembourg,56,0.2,Friendly,59,Europe,12/1/2012,0.011,,19,4080,55143457330,0.069,7452,0.002,0.919,,84,79,1.454,0.175,0.685,0.141,530946,0.892,4613000000,3582000000
"Macao SAR, China",,,Not Clustered,,Asia,12/1/2012,0.01,,,,42981497744,,,,0.613,0.053,82,78,2.898,0.122,0.8,0.077,556783,1,44455000000,1711000000
"Macedonia, FYR",36,0.082,Very Friendly,119,Europe,12/1/2012,0.011,,2,,9576482628,0.071,327,0.007,0.574,0.085,77,73,1.062,0.169,0.711,0.12,2105575,0.57,237000000,153000000
Madagascar,144,0.364,Moderate,201,Africa,12/1/2012,0.035,,8,,9880703883,0.041,18,0.041,0.021,0.6,66,63,0.394,0.427,0.545,0.028,22293914,0.332,,
Malawi,161,0.324,Low,175,Africa,12/1/2012,0.04,,40,,4240492849,0.092,25,0.046,0.044,0.323,55,55,0.292,0.454,0.514,0.031,15906483,0.158,38000000,101000000
Malaysia,8,0.245,Very Friendly,133,Asia,12/1/2012,0.018,,6,,305033000000,0.039,410,0.007,0.658,0.048,77,73,1.413,0.267,0.682,0.052,29239927,0.725,20251000000,11545000000
Maldives,81,0.268,Friendly,252,Asia,12/1/2012,0.022,,9,,2113179304,0.085,558,0.009,0.389,0.105,79,77,1.656,0.29,0.66,0.05,338442,0.423,1873000000,270000000
Mali,153,0.511,Low,270,Africa,12/1/2012,0.047,,8,,10340794110,0.058,42,0.079,0.022,,54,55,0.984,0.471,0.5,0.028,14853572,0.376,,
Malta,100,0.409,Friendly,139,Europe,12/1/2012,0.01,,40,,8863076923,0.091,1835,0.005,0.682,0.047,83,79,1.244,0.15,0.694,0.156,419455,0.95,1451000000,408000000
Marshall Islands,110,0.648,Moderate,128,Oceania,12/1/2012,,,17,,173000000,0.156,590,0.031,0.1,,,,,,,,52555,0.719,,
Mauritania,171,0.682,Low,696,Africa,12/1/2012,0.034,,19,,3958701369,0.064,52,0.068,0.054,0.17,63,60,1.06,0.402,0.566,0.032,3796141,0.58,,
Mauritius,20,0.275,Very Friendly,161,Africa,12/1/2012,0.011,,6,,11442063228,0.048,444,0.013,0.354,0.087,77,70,1.199,0.202,0.715,0.084,1291167,0.402,1778000000,394000000
Mexico,51,0.525,Very Friendly,337,The Americas,12/1/2012,0.019,,6,191924,1186460000000,0.061,618,0.013,0.398,0.047,80,75,0.834,0.29,0.647,0.063,120847477,0.784,13320000000,10735000000
"Micronesia, Fed. Sts.",150,0.599,Low,128,Oceania,12/1/2012,0.024,,16,,326160961,0.128,405,0.031,0.26,0.143,70,68,0.302,0.358,0.602,0.039,103395,0.223,,
Moldova,86,0.308,Friendly,220,Europe,12/1/2012,0.012,,9,,7284686576,0.117,239,0.014,0.434,0.134,73,65,1.02,0.165,0.722,0.112,3559519,0.449,294000000,420000000
Monaco,,,Not Clustered,,Europe,12/1/2012,,,,,,0.044,6708,0.003,0.87,,,,0.883,,,,37579,1,,
Mongolia,80,0.246,Friendly,192,Asia,12/1/2012,0.023,,12,,10321968595,0.063,232,0.027,0.164,0.181,71,63,1.207,0.271,0.691,0.038,2796484,0.695,480000000,420000000
Montenegro,50,0.209,Very Friendly,320,Europe,12/1/2012,0.012,,10,,4045813953,0.076,493,0.005,0.568,0.096,77,72,1.595,0.19,0.682,0.128,621081,0.635,860000000,67000000
Morocco,95,0.496,Friendly,238,Africa,12/1/2012,0.023,,12,,95981572517,0.064,190,0.027,0.554,,72,69,1.2,0.278,0.672,0.05,32521143,0.587,8491000000,2095000000
Mozambique,142,0.375,Moderate,230,Africa,12/1/2012,0.039,,13,,14376457305,0.064,37,0.064,0.048,0.168,51,49,0.349,0.454,0.514,0.033,25203395,0.314,289000000,230000000
Myanmar,182,0.527,Low,155,Asia,12/1/2012,0.017,,72,,,0.018,20,0.041,0.011,0.13,67,63,0.071,0.253,0.696,0.052,52797319,0.325,,
Namibia,94,0.218,Friendly,314,Africa,12/1/2012,0.026,,66,,13399386550,0.083,473,0.036,0.129,0.087,67,61,0.95,0.366,0.599,0.035,2259393,0.437,,
Nepal,103,0.315,Moderate,326,Asia,12/1/2012,0.022,,29,,19206800719,0.055,36,0.033,0.111,,69,67,0.605,0.356,0.594,0.051,27474377,0.175,379000000,561000000
Netherlands,30,0.392,Very Friendly,127,Europe,12/1/2012,0.011,,5,78220,770067000000,0.124,5737,0.004,0.929,0.016,83,79,1.18,0.172,0.663,0.164,16754962,0.886,20527000000,20346000000
New Caledonia,,,Not Clustered,,Oceania,12/1/2012,0.016,,,,,,,,0.58,,79,73,0.912,0.228,0.673,0.099,258000,0.685,,
New Zealand,3,0.34,Very Friendly,152,Oceania,12/1/2012,0.014,,1,18566,171461000000,0.103,3292,0.005,0.82,0.058,83,79,1.104,0.203,0.661,0.136,4433000,0.862,5467000000,3718000000
Nicaragua,123,0.649,Moderate,207,The Americas,12/1/2012,0.023,,39,,10644973606,0.082,144,0.021,0.135,0.12,78,71,0.977,0.334,0.62,0.046,5991733,0.578,422000000,372000000
Niger,174,0.438,Low,270,Africa,12/1/2012,0.05,,17,,6773185511,0.072,25,0.062,0.014,,58,58,0.314,0.5,0.474,0.026,17157042,0.18,,
Nigeria,138,0.338,Moderate,956,Africa,12/1/2012,0.042,,28,,462979000000,0.061,94,0.077,0.328,0.168,52,52,0.668,0.442,0.531,0.027,168833776,0.452,641000000,9280000000
Norway,7,0.407,Very Friendly,87,Europe,12/1/2012,0.012,,7,29818,500030000000,0.09,9055,0.002,0.946,,84,80,1.167,0.186,0.659,0.155,5018573,0.797,5353000000,17559000000
Oman,44,0.22,Very Friendly,62,Middle East,12/1/2012,0.021,,8,,78289467471,0.026,690,0.01,0.6,0.057,79,75,1.593,0.242,0.731,0.028,3314001,0.762,1779000000,2184000000
Pakistan,106,0.346,Moderate,560,Asia,12/1/2012,0.026,,21,,224880000000,0.031,39,0.071,0.1,0.135,67,66,0.671,0.343,0.613,0.044,179160111,0.374,1014000000,1801000000
Panama,61,0.405,Friendly,431,The Americas,12/1/2012,0.02,,7,,37956200000,0.076,723,0.016,0.403,0.069,80,75,1.634,0.286,0.643,0.071,3802281,0.657,3784000000,605000000
Papua New Guinea,108,0.421,Moderate,207,Oceania,12/1/2012,0.029,,53,,15653921367,0.052,114,0.048,0.035,0.108,64,60,0.378,0.384,0.588,0.029,7167010,0.13,,
Paraguay,107,0.35,Moderate,387,The Americas,12/1/2012,0.024,,35,,24611040343,0.103,392,0.019,0.293,0.172,74,70,1.016,0.328,0.619,0.054,6687361,0.589,265000000,341000000
Peru,39,0.364,Very Friendly,293,The Americas,12/1/2012,0.02,,25,,192636000000,0.051,337,0.014,0.382,0.192,77,72,0.98,0.292,0.646,0.063,29987800,0.776,3288000000,1950000000
Philippines,133,0.445,Moderate,193,Asia,12/1/2012,0.025,,36,,250182000000,0.046,119,0.024,0.362,0.057,72,65,1.055,0.345,0.616,0.038,96706764,0.448,4900000000,6839000000
Poland,48,0.398,Very Friendly,286,Europe,12/1/2012,0.01,,32,96543,490213000000,0.067,854,0.005,0.623,,81,73,1.415,0.149,0.71,0.14,38535873,0.607,11835000000,9038000000
Portugal,29,0.42,Very Friendly,275,Europe,12/1/2012,0.009,,4,21949,212140000000,0.094,1905,0.003,0.603,,84,77,1.14,0.149,0.666,0.185,10514844,0.618,14559000000,4490000000
Puerto Rico,37,0.507,Very Friendly,218,The Americas,12/1/2012,0.011,,6,,101081000000,,,,0.69,,82,75,0.826,0.198,0.667,0.135,3651545,0.937,3193000000,1156000000
Qatar,45,0.113,Very Friendly,48,Middle East,12/1/2012,0.011,,9,,189945000000,0.022,2029,0.007,0.693,0.054,79,78,1.269,0.133,0.857,0.01,2050514,0.989,7220000000,10702000000
Romania,73,0.429,Friendly,216,Europe,12/1/2012,0.01,,10,,169396000000,0.051,420,0.011,0.459,0.113,78,71,1.05,0.15,0.7,0.15,20076727,0.541,1919000000,2112000000
Russian Federation,111,0.541,Moderate,177,Europe,12/1/2012,0.013,,18,,2017470000000,0.063,887,0.009,0.638,0.091,76,65,1.453,0.154,0.716,0.13,143178000,0.738,17876000000,48096000000
Rwanda,54,0.308,Friendly,134,Africa,12/1/2012,0.036,,3,,7133378888,0.107,66,0.039,0.08,,65,62,0.497,0.436,0.541,0.023,11457801,0.259,337000000,133000000
Samoa,55,0.189,Friendly,224,Oceania,12/1/2012,0.027,,9,,684273267,0.068,245,0.016,0.129,0.099,76,70,,0.379,0.57,0.051,188889,0.196,148000000,22300000
San Marino,74,0.422,Friendly,52,Europe,12/1/2012,0.01,,40,,,0.065,3792,0.003,0.509,,,,1.152,,,,31247,0.941,,
Sao Tome and Principe,166,0.325,Low,424,Africa,12/1/2012,0.035,,5,,263328450,0.079,109,0.038,0.216,0.262,68,64,0.65,0.416,0.55,0.034,188098,0.633,15000000,1300000
Saudi Arabia,22,0.145,Very Friendly,72,Middle East,12/1/2012,0.02,,21,,733956000000,0.032,795,0.014,0.54,,77,74,1.874,0.297,0.674,0.029,28287855,0.825,8400000000,17986000000
Senegal,176,0.455,Low,666,Africa,12/1/2012,0.038,,6,,14045680427,0.05,51,0.045,0.192,,65,62,0.836,0.435,0.534,0.03,13726021,0.428,,
Serbia,87,0.34,Friendly,279,Europe,12/1/2012,0.009,,12,,38110737579,0.105,561,0.006,0.481,0.182,78,73,1.178,0.165,0.695,0.14,7199077,0.553,1066000000,1176000000
Seychelles,77,0.257,Friendly,76,Africa,12/1/2012,0.019,,39,,1032199341,0.047,521,0.012,0.471,0.122,78,68,1.478,0.221,0.702,0.077,88303,0.529,26000000,4000000
Sierra Leone,137,0.324,Moderate,357,Africa,12/1/2012,0.037,,12,,3787392596,0.151,96,0.11,0.013,0.21,46,45,0.37,0.417,0.556,0.026,5978727,0.389,41000000,25000000
Singapore,1,0.276,Very Friendly,82,Asia,12/1/2012,0.01,,3,,286908000000,0.047,2426,0.002,0.72,0.054,85,80,1.521,0.165,0.738,0.097,5312400,1,19261000000,22412000000
Sint Maarten (Dutch part),,,Not Clustered,,The Americas,12/1/2012,,,,,,,,,,,,,,,,,39088,1,854000000,120000000
Slovak Republic,43,0.471,Very Friendly,207,Europe,12/1/2012,0.01,,14,16676,91347809328,0.078,1326,0.006,0.767,,80,73,1.119,0.15,0.723,0.127,5407579,0.542,2365000000,2307000000
Slovenia,31,0.339,Very Friendly,260,Europe,12/1/2012,0.011,,6,7143,45379174408,0.088,1942,0.002,0.683,,83,77,1.084,0.142,0.688,0.171,2057159,0.499,2841000000,1085000000
Solomon Islands,92,0.253,Friendly,80,Oceania,12/1/2012,0.031,,9,,999972421,0.08,148,0.026,0.07,0.113,69,66,0.55,0.404,0.563,0.033,549598,0.21,66900000,68000000
Somalia,,,Not Clustered,,Africa,12/1/2012,0.044,,,,,,,0.092,0.014,,56,53,0.226,0.473,0.498,0.028,10195134,0.382,,
South Africa,41,0.327,Very Friendly,200,Africa,12/1/2012,0.021,,19,,382338000000,0.088,645,0.034,0.41,0.088,58,54,1.306,0.295,0.65,0.054,52274945,0.633,11201000000,7144000000
South Sudan,184,0.263,Low,218,Africa,12/1/2012,0.037,,17,,10560000000,0.026,27,0.066,,,56,54,0.212,0.423,0.543,0.035,10837527,0.182,,
Spain,46,0.387,Very Friendly,167,Europe,12/1/2012,0.01,,28,124679,1322480000000,0.096,2808,0.004,0.698,,85,80,1.084,0.152,0.673,0.175,46761264,0.789,63198000000,21749000000
Sri Lanka,83,0.553,Friendly,254,Asia,12/1/2012,0.018,,8,,59393056426,0.031,89,0.009,0.183,0.133,77,71,0.916,0.252,0.666,0.082,20328000,0.183,1756000000,1219000000
St. Kitts and Nevis,97,0.519,Friendly,203,The Americas,12/1/2012,,,19,,731851852,0.059,825,0.008,0.793,0.087,,,1.418,,,,53584,0.318,94000000,14000000
St. Lucia,59,0.346,Friendly,92,The Americas,12/1/2012,0.016,,15,,1318148148,0.085,556,0.013,0.348,0.095,77,72,1.194,0.243,0.67,0.087,180870,0.185,335000000,49000000
St. Martin (French part),,,Not Clustered,,The Americas,12/1/2012,0.016,,,,,,,,,,82,76,,,,,30959,,,
St. Vincent and the Grenadines,75,0.387,Friendly,111,The Americas,12/1/2012,0.017,,10,,694444444,0.052,340,0.018,0.475,0.094,75,70,1.161,0.257,0.675,0.068,109373,0.495,93000000,14000000
Sudan,143,0.361,Moderate,180,Africa,12/1/2012,0.034,,36,,63029562337,0.072,115,0.053,0.21,,64,60,0.744,0.415,0.553,0.032,37195349,0.333,880000000,908000000
Suriname,165,0.279,Low,199,The Americas,12/1/2012,0.018,,694,,5012121212,0.059,521,0.021,0.347,0.117,74,68,1.065,0.278,0.656,0.066,534541,0.662,79000000,58000000
Swaziland,120,0.365,Moderate,104,Africa,12/1/2012,0.03,,56,,4049589166,0.085,259,0.057,0.208,0.088,48,49,0.654,0.38,0.585,0.034,1230985,0.214,,
Sweden,14,0.52,Very Friendly,122,Europe,12/1/2012,0.012,,16,48877,523941000000,0.096,5319,0.002,0.932,,84,80,1.246,0.167,0.644,0.189,9519374,0.854,12415000000,17664000000
Switzerland,27,0.291,Very Friendly,63,Europe,12/1/2012,0.01,,18,25500,631183000000,0.113,8980,0.004,0.852,0.027,85,81,1.321,0.148,0.678,0.174,7996861,0.737,19439000000,16675000000
Syrian Arab Republic,147,0.397,Low,336,Middle East,12/1/2012,0.024,,13,,,0.034,105,0.012,0.243,,78,72,0.593,0.354,0.607,0.039,22399254,0.565,,
Tajikistan,141,0.845,Moderate,224,Asia,12/1/2012,0.033,,24,,7633049792,0.058,55,0.042,0.145,0.252,71,64,0.815,0.358,0.61,0.032,8008990,0.266,60400000,6800000
Tanzania,136,0.449,Moderate,172,Africa,12/1/2012,0.04,,26,,28248631876,0.07,41,0.038,0.04,0.155,62,60,0.57,0.449,0.52,0.032,47783107,0.295,1605000000,1003000000
Thailand,18,0.372,Very Friendly,264,Asia,12/1/2012,0.01,,29,,365966000000,0.039,215,0.012,0.265,0.071,78,71,1.273,0.185,0.721,0.094,66785001,0.467,37740000000,7864000000
Timor-Leste,167,0.11,Low,276,Asia,12/1/2012,0.036,,94,,1355000000,0.043,50,0.048,0.009,0.122,69,66,0.557,0.463,0.505,0.032,1148958,0.308,21000000,80000000
Togo,159,0.489,Low,270,Africa,12/1/2012,0.037,,38,,3915754216,0.086,41,0.057,0.04,,57,55,0.499,0.419,0.554,0.027,6642928,0.385,,
Tonga,60,0.254,Friendly,164,Oceania,12/1/2012,0.026,,16,,471575497,0.054,238,0.011,0.349,0.1,75,70,0.534,0.373,0.568,0.058,104941,0.235,,
Trinidad and Tobago,63,0.291,Friendly,210,The Americas,12/1/2012,0.015,,41,,23436342520,0.054,972,0.02,0.595,0.077,74,66,1.408,0.207,0.705,0.088,1337439,0.088,,
Tunisia,49,0.624,Very Friendly,144,Africa,12/1/2012,0.019,,11,,45238491581,0.07,297,0.014,0.414,,77,73,1.181,0.232,0.697,0.071,10777500,0.663,2931000000,673000000
Turkey,72,0.4,Friendly,226,Europe,12/1/2012,0.017,,6,115701,788863000000,0.063,665,0.017,0.451,,78,72,0.915,0.26,0.667,0.073,73997128,0.718,32249000000,4604000000
Turkmenistan,,,Not Clustered,,Asia,12/1/2012,0.022,,,,35164210526,0.02,129,0.048,0.072,,70,61,1.141,0.286,0.673,0.041,5172931,0.49,,
Turks and Caicos Islands,,,Not Clustered,,The Americas,12/1/2012,,,,,,,,,,,,,,,,,32427,0.911,,
Uganda,126,0.366,Moderate,213,Africa,12/1/2012,0.044,,33,,20032237910,0.08,44,0.045,0.147,0.263,60,58,0.45,0.485,0.49,0.024,36345860,0.151,1105000000,604000000
Ukraine,140,0.554,Moderate,491,Europe,12/1/2012,0.011,,22,,176603000000,0.076,293,0.009,0.353,0.184,76,66,1.303,0.142,0.705,0.153,45593300,0.691,5988000000,5536000000
United Arab Emirates,26,0.149,Very Friendly,12,Middle East,12/1/2012,0.015,,8,,383799000000,0.028,1343,0.007,0.85,,78,76,1.496,0.144,0.852,0.004,9205651,0.847,,
United Kingdom,11,0.35,Very Friendly,110,Europe,12/1/2012,0.013,,12,192381,2461770000000,0.094,3647,0.004,0.875,0.005,84,80,1.248,0.175,0.653,0.172,63695687,0.818,45966000000,66182000000
United States,4,0.464,Very Friendly,175,The Americas,12/1/2012,0.013,,5,2132446,16244600000000,0.179,8895,0.006,0.793,0.033,81,76,0.96,0.196,0.667,0.136,313873685,0.811,200092000000,
Uruguay,85,0.419,Friendly,310,The Americas,12/1/2012,0.015,,7,,50004354667,0.089,1308,0.01,0.545,0.112,80,74,1.471,0.22,0.639,0.14,3395253,0.948,2222000000,1028000000
Uzbekistan,156,0.985,Low,205,Asia,12/1/2012,0.021,,12,,51183443225,0.059,105,0.038,0.365,,72,65,0.71,0.289,0.668,0.043,29774500,0.362,,
Vanuatu,78,0.084,Friendly,120,Oceania,12/1/2012,0.027,,35,,786938335,0.036,116,0.015,0.106,0.061,73,69,0.591,0.374,0.586,0.04,247262,0.252,288000000,43000000
"Venezuela, RB",180,0.619,Low,792,The Americas,12/1/2012,0.02,,144,,381286000000,0.046,593,0.013,0.491,0.164,78,72,1.021,0.288,0.652,0.06,29954782,0.889,904000000,3202000000
Vietnam,98,0.343,Friendly,872,Asia,12/1/2012,0.016,,34,,155820000000,0.066,102,0.02,0.395,0.135,80,71,1.477,0.229,0.706,0.066,88772900,0.317,6830000000,1856000000
Virgin Islands (U.S.),,,Not Clustered,,The Americas,12/1/2012,0.011,,,,,,,,0.405,,83,76,,0.206,0.641,0.152,105275,0.949,,
"Yemen, Rep.",129,0.327,Moderate,248,Middle East,12/1/2012,0.031,,40,,31992801303,0.055,71,0.042,0.174,0.245,64,62,0.583,0.407,0.565,0.028,23852409,0.329,1057000000,
Zambia,90,0.151,Friendly,183,Africa,12/1/2012,0.043,,17,,20596424325,0.065,96,0.057,0.135,0.121,59,55,0.748,0.467,0.506,0.026,14075099,0.396,155000000,154000000
Zimbabwe,168,0.345,Low,242,Africa,12/1/2012,0.032,,90,,12472416688,,,0.055,0.171,,59,57,0.919,0.402,0.558,0.039,13724317,0.328,749000000,